Year,Adult Mortality,Alcohol,under-five deaths ,Polio,Total expenditure,Diphtheria , HIV/AIDS,GDP, thinness 5-9 years,Income composition of resources,Schooling,Country_,Status_,Life expectancy 
2013,157.0,3.58,3,99.0,8.43,98.0,0.1,1847.19849,1.7,0.63,11.5,102,1,73.9
2011,18.0,12.66,0,92.0,6.86,92.0,0.1,14357.73679,2.8,0.826,16.7,82,0,72.8
2005,194.0,3.7,4,87.0,6.11,86.0,0.3,1175.116225,1.9,0.592,11.0,102,1,71.2
2006,288.0,1.7,62,84.0,4.64,84.0,2.9,922.9351677,7.9,0.51,8.7,54,1,59.4
2006,245.0,2.71,8,98.0,2.9,98.0,0.1,2136.66815,3.3,0.0,10.4,145,1,63.7
2008,116.0,12.06,0,96.0,7.7,96.0,0.1,15893.8656,1.7,0.8,14.3,36,0,76.0
2003,363.0,0.79,360,55.0,4.64,37.0,4.4,118.8734466,11.5,0.306,5.2,47,1,54.0
2000,224.0,2.9,9,98.0,3.94,97.0,0.1,643.17518,3.6,0.0,0.0,145,1,63.8
2000,224.0,4.29,0,7.0,9.65,71.0,0.4,1888.61829,3.6,0.0,11.1,132,1,67.4
2014,463.0,0.01,32,83.0,11.9,83.0,0.6,78.4394757,7.4,0.426,9.5,125,1,48.1
2008,124.0,4.16,0,99.0,3.96,99.0,0.4,3638.95946,7.8,0.615,12.2,25,1,72.4
2002,125.0,5.52,2,99.0,8.3,99.0,0.2,4126.14671,2.2,0.725,12.6,108,1,75.7
2007,123.0,5.35,45,98.0,5.92,98.0,0.1,933.341687,1.7,0.731,12.3,92,1,76.0
2008,111.0,8.95,0,85.0,6.1,85.0,0.1,1657.3228,3.9,0.775,15.3,12,1,74.4
2009,338.0,4.05,34,96.0,6.96,94.0,2.4,24.944652,7.8,0.336,8.6,24,1,56.2
2013,162.0,0.27,24,92.0,5.69,92.0,0.1,688.6172788,16.5,0.545,12.3,99,1,69.3
2001,11.0,1.19,5,98.0,5.29,98.0,0.1,2254.933126,6.4,0.654,13.1,143,1,73.2
2013,56.0,7.55,3,99.0,1.25,96.0,0.1,4454.44746,1.7,0.894,15.3,71,0,83.5
2007,217.0,4.14,0,98.0,7.44,97.0,1.2,894.927988,6.6,0.527,10.3,120,1,65.1
2000,192.0,3.61,5,85.0,5.39,83.0,0.4,116.2743,2.1,0.562,10.1,102,1,73.0
2006,496.0,8.5,82,79.0,7.57,82.0,28.1,5631.73485,12.8,0.609,12.9,129,1,54.0
2014,252.0,0.38,1,78.0,1.57,78.0,2.1,174.91511,5.4,0.467,6.3,40,1,63.0
2014,237.0,0.01,3,68.0,3.44,7.0,2.8,9692.163874,6.0,0.687,12.6,51,1,65.5
2009,127.0,6.87,2,85.0,7.56,85.0,0.1,7429.628274,1.9,0.755,12.8,108,1,76.8
2014,225.0,10.12,15,97.0,7.7,97.0,0.1,14125.961,2.3,0.803,14.9,117,1,73.0
2002,15.0,3.73,1,98.0,6.3,98.0,0.1,1453.642777,2.1,0.67,10.7,1,1,73.3
2014,12.0,10.71,2,94.0,6.35,98.0,0.1,14341.675,2.1,0.85,16.4,113,0,77.3
2002,164.0,0.01,280,83.0,2.59,83.0,0.1,4.6135745,21.1,0.476,7.7,11,1,66.3
2007,65.0,1.6,0,97.0,3.46,97.0,0.1,39223.58187,2.0,0.873,14.1,126,0,81.1
2010,137.0,14.97,0,94.0,6.25,94.0,0.1,14638.6482,2.0,0.833,16.2,46,1,75.6
2011,47.0,0.94,94,73.0,6.23,76.0,9.6,526.5313517,3.6,0.397,9.5,96,1,54.3
2007,277.0,8.86,6,98.0,6.36,98.0,0.7,368.68998,2.7,0.723,14.8,147,1,67.5
2004,12.0,9.89,0,96.0,8.21,98.0,0.1,37636.11173,0.8,0.869,18.3,49,1,78.7
2005,29.0,5.57,24,6.0,4.41,6.0,3.9,465.311876,4.4,0.452,8.2,61,1,65.0
2014,99.0,1.32,1,75.0,6.39,81.0,0.1,8161.4614,4.9,0.763,13.3,78,1,74.8
2009,77.0,11.41,0,94.0,9.53,94.0,0.1,51983.78892,0.2,0.909,17.9,67,0,79.7
2002,186.0,11.15,0,99.0,4.21,99.0,0.1,8331.261997,6.6,0.712,12.1,124,1,72.1
2004,151.0,1.8,0,91.0,4.87,9.0,0.1,2284.37858,0.1,0.693,14.6,141,1,72.2
2003,17.0,1.34,4,95.0,5.36,95.0,0.1,2761.969249,6.3,0.667,13.5,143,1,73.7
2000,141.0,7.38,2,98.0,6.53,95.0,0.1,87.1365252,2.9,0.702,13.0,123,1,72.6
2013,255.0,8.86,3,77.0,3.98,79.0,3.7,9679.742995,6.1,0.678,12.5,51,1,64.6
2003,166.0,6.64,4,86.0,5.99,86.0,0.1,1174.779347,2.3,0.642,12.7,110,1,71.7
2004,131.0,0.93,10,84.0,4.48,81.0,0.1,148.852738,6.3,0.61,10.6,136,1,73.2
2008,81.0,1.76,0,98.0,9.3,98.0,0.1,5828.621374,14.3,0.641,11.8,87,1,75.9
2007,295.0,6.78,30,98.0,8.49,97.0,5.0,44.853339,6.7,0.424,10.1,118,1,59.6
2011,286.0,0.62,8,96.0,3.6,96.0,0.7,582.775532,8.7,0.405,5.0,45,1,62.9
2004,99.0,4.25,0,87.0,9.4,84.0,0.1,265.642661,3.0,0.0,12.3,18,1,75.5
2009,163.0,3.36,3,99.0,6.82,98.0,0.2,1464.497754,1.8,0.613,11.3,102,1,73.2
2007,181.0,0.35,12,85.0,5.35,86.0,0.3,52.35956,3.8,0.586,10.9,137,1,66.1
2005,285.0,1.13,39,73.0,4.73,7.0,2.1,61.799977,8.6,0.43,8.5,16,1,56.5
2000,78.0,11.26,0,95.0,9.91,93.0,0.1,37813.23426,0.5,0.879,15.1,135,0,79.7
2014,162.0,0.01,11,94.0,6.88,97.0,0.2,114.45919,3.7,0.622,11.3,137,1,69.6
2001,171.0,2.74,8,99.0,6.88,96.0,1.6,113.4546,2.7,0.557,9.9,62,1,71.3
2008,82.0,1.37,0,98.0,1.87,97.0,0.1,82967.37228,4.5,0.825,11.7,115,1,76.8
2002,145.0,0.36,23,86.0,3.73,86.0,0.1,1774.33673,6.2,0.653,11.1,2,1,71.6
2001,611.0,2.61,70,86.0,6.56,85.0,18.6,378.2736238,7.4,0.424,9.8,152,1,44.6
2008,35.0,4.33,35,89.0,7.86,92.0,2.9,196.2472628,7.9,0.319,7.9,24,1,55.3
2002,271.0,0.9,63,61.0,5.29,62.0,0.7,262.2859481,8.4,0.462,8.3,84,1,59.3
2007,161.0,3.24,0,96.0,4.24,97.0,0.1,6574.654338,7.4,0.72,13.5,91,1,72.9
2007,26.0,3.79,2,99.0,5.6,95.0,0.1,1634.81431,2.4,0.661,13.0,93,1,65.9
2014,121.0,3.82,7,84.0,9.16,83.0,0.1,6432.216537,1.1,0.737,14.0,42,1,76.0
2008,19.0,0.57,1,97.0,2.1,99.0,0.1,2275.3536,6.8,0.765,11.9,106,1,75.2
2001,284.0,5.75,10,95.0,3.47,95.0,0.1,149.926751,2.7,0.685,12.3,73,1,64.4
2006,141.0,4.01,1,87.0,4.58,87.0,0.1,2158.299,2.1,0.692,11.2,6,1,72.9
2013,178.0,15.04,0,93.0,6.59,93.0,0.1,15712.82376,2.7,0.834,16.4,82,0,73.0
2005,675.0,2.67,6,88.0,6.3,89.0,34.8,862.9463118,9.2,0.437,10.7,79,1,44.5
2013,67.0,8.2,2,91.0,1.67,91.0,0.1,52413.72116,0.5,0.909,15.9,28,1,81.8
2005,162.0,7.68,4,97.0,5.47,97.0,0.1,4676.315183,3.8,0.745,13.4,116,0,71.9
2003,71.0,6.7,0,94.0,8.6,94.0,0.1,13689.98999,0.7,0.79,13.8,89,0,78.5
2010,132.0,4.23,1,96.0,4.56,94.0,0.1,3218.381655,2.1,0.72,12.3,6,1,73.5
2008,127.0,6.74,2,86.0,6.75,86.0,0.1,6973.9284,2.0,0.75,12.8,108,1,76.5
2004,66.0,8.98,3,97.0,8.49,94.0,0.1,31174.56118,0.5,0.846,15.6,69,0,89.0
2003,256.0,5.92,6,99.0,6.93,97.0,0.9,148.522488,2.9,0.691,14.3,147,1,67.6
2013,364.0,0.01,73,88.0,4.29,89.0,4.0,1365.34419,5.8,0.501,10.4,27,1,56.4
2006,71.0,9.79,1,96.0,9.36,96.0,0.1,44453.97119,1.0,0.893,16.5,100,0,79.8
2005,382.0,5.04,148,39.0,4.1,38.0,2.6,1443.991929,9.9,0.426,6.8,3,1,47.4
2000,45.0,9.23,943,31.0,2.84,29.0,4.9,379.1193264,14.4,0.0,7.6,104,1,47.1
2008,8.0,11.36,3,95.0,1.39,96.0,0.1,45699.19832,1.1,0.903,16.6,53,0,79.9
2002,276.0,5.99,9,95.0,3.61,95.0,0.1,1658.31146,2.6,0.7,12.7,73,1,64.7
2008,282.0,6.39,28,97.0,7.66,97.0,3.7,5.6687264,6.6,0.438,10.4,118,1,68.0
2011,289.0,8.9,3,75.0,3.12,75.0,6.0,1716.2258,6.3,0.664,12.5,51,1,62.8
2014,362.0,0.01,759,49.0,3.67,49.0,3.9,3221.678128,9.9,0.521,10.0,104,1,53.6
2012,429.0,6.09,39,95.0,6.69,95.0,8.8,955.648466,6.4,0.464,9.8,153,1,56.6
2005,163.0,6.38,4,96.0,6.7,96.0,0.2,157.145691,2.2,0.646,12.3,110,1,72.1
2008,317.0,6.28,4,83.0,7.15,83.0,11.7,429.6561,11.4,0.589,11.3,98,1,61.7
2013,12.0,0.46,1,99.0,2.76,98.0,0.1,21268.7564,6.8,0.796,13.7,106,1,76.2
2000,23.0,0.03,11,58.0,5.26,51.0,1.1,477.476124,1.7,0.443,6.4,90,1,60.0
2000,218.0,7.13,0,96.0,6.0,96.0,0.1,3352.731296,2.8,0.716,13.7,77,0,71.0
2009,156.0,15.04,0,95.0,6.93,95.0,0.1,14726.31828,2.0,0.836,16.1,46,1,74.9
2000,247.0,12.98,1,99.0,6.13,99.0,0.1,1276.28834,2.8,0.675,13.1,13,1,68.0
2009,147.0,1.08,0,86.0,4.67,84.0,0.1,37.846563,0.1,0.703,14.5,141,1,72.5
2004,113.0,10.0,0,94.0,8.47,94.0,0.1,1726.9151,2.0,0.85,16.6,127,0,77.2
2009,182.0,4.94,0,99.0,2.64,99.0,0.1,976.9566,6.2,0.739,13.2,124,1,72.3
2014,96.0,3.45,1,91.0,9.31,91.0,0.1,1647.44179,1.7,0.768,13.9,35,1,79.5
2007,261.0,0.71,51,83.0,4.98,84.0,0.6,377.8482928,7.8,0.483,9.1,84,1,61.9
2008,162.0,8.92,0,99.0,5.76,99.0,0.1,7946.944346,3.9,0.0,15.4,56,1,72.1
2008,441.0,3.91,44,75.0,1.29,77.0,1.9,46.3759178,8.7,0.367,8.3,125,1,46.2
2011,153.0,3.1,5,97.0,8.57,97.0,0.4,212.584798,2.2,0.611,11.7,62,1,73.9
2002,217.0,0.49,0,96.0,9.1,77.0,0.1,826.58554,0.2,0.0,11.7,75,1,64.6
2003,93.0,0.03,1,99.0,3.23,99.0,0.1,2271.56961,3.0,0.788,14.1,76,1,73.4
2009,37.0,0.47,80,32.0,3.31,24.0,4.4,84.455939,9.5,0.343,6.3,30,1,57.0
2011,268.0,0.39,2,87.0,8.71,87.0,2.7,143.986898,5.5,0.451,5.9,40,1,61.8
2012,138.0,3.65,1,96.0,5.66,96.0,0.5,521.33363,1.7,0.725,12.8,70,1,75.3
2010,64.0,10.52,1,92.0,9.2,92.0,0.1,51874.848,0.6,0.927,19.5,7,0,81.9
2001,16.0,1.68,6,98.0,3.81,98.0,0.1,837.699787,15.6,0.686,12.5,131,1,72.7
2006,144.0,10.4,3,99.0,6.17,99.0,0.1,94.7726,2.4,0.803,15.0,113,0,75.2
2004,77.0,7.8,2,91.0,9.56,91.0,0.1,31979.87195,0.4,0.881,15.8,28,1,80.0
2009,155.0,5.39,3,81.0,9.14,85.0,0.1,2599.596259,2.0,0.663,12.1,110,1,73.0
2011,325.0,5.76,3,96.0,5.25,95.0,5.5,7645.21469,7.4,0.678,12.4,19,1,62.2
2008,87.0,10.47,1,99.0,9.6,99.0,0.1,48424.58927,0.8,0.874,15.8,14,0,79.5
2005,316.0,4.19,16,66.0,8.4,6.0,3.1,168.648254,8.3,0.372,10.1,80,1,55.3
2005,4.0,5.03,93,79.0,4.75,8.0,7.4,952.1872484,7.0,0.456,8.3,27,1,52.8
2002,261.0,0.48,4,38.0,3.89,54.0,0.1,48.61552,12.1,0.475,9.8,139,1,62.0
2002,19.0,1.17,5,96.0,5.32,96.0,0.1,2346.5937,6.4,0.662,13.3,143,1,73.5
2013,137.0,0.01,0,84.0,4.98,82.0,0.1,4266.557174,0.1,0.718,14.3,141,1,73.2
2011,275.0,4.51,71,9.0,5.17,91.0,0.9,666.842783,8.4,0.377,6.7,23,1,58.1
2008,193.0,1.09,0,94.0,5.97,89.0,0.1,125.79167,1.2,0.489,9.2,128,1,68.0
2009,91.0,7.67,2,94.0,7.39,94.0,0.1,1243.32824,0.9,0.816,15.3,31,1,79.3
2008,632.0,3.56,46,75.0,4.96,75.0,20.5,325.678573,7.8,0.421,9.7,153,1,48.2
2013,157.0,5.93,7,82.0,4.12,83.0,0.3,627.55544,3.2,0.709,13.2,41,1,73.4
2001,135.0,1.29,11,83.0,4.92,82.0,0.1,1258.421953,6.5,0.589,10.1,136,1,72.7
2013,399.0,6.39,36,95.0,6.88,95.0,6.8,111.227396,6.0,0.488,10.4,153,1,58.0
2004,336.0,6.28,4,48.0,2.4,38.0,4.4,685.34897,1.0,0.553,8.5,44,1,54.1
2002,9.0,12.5,0,82.0,1.27,83.0,0.1,26351.37568,1.9,0.847,16.1,8,0,78.7
2003,72.0,9.3,3,97.0,8.17,96.0,0.1,27387.2258,0.5,0.841,15.4,69,0,79.9
2014,128.0,0.01,0,58.0,7.22,63.0,0.1,4178.973369,0.1,0.701,12.9,119,1,73.8
2000,283.0,1.16,68,58.0,5.8,57.0,0.6,245.939659,8.6,0.0,8.0,84,1,57.9
2012,48.0,7.38,56,65.0,8.79,65.0,7.6,7548.163698,7.3,0.644,12.8,129,1,59.2
2000,274.0,1.51,36,62.0,5.87,59.0,2.1,3.685949,11.9,0.401,7.2,26,1,57.7
2000,127.0,7.43,0,86.0,5.16,93.0,0.9,11568.1111,4.2,0.741,14.0,12,1,73.3
2010,92.0,5.75,268,99.0,4.89,99.0,0.1,456.512487,3.6,0.691,12.5,32,1,75.0
2005,144.0,9.5,3,99.0,6.2,99.0,0.1,821.251569,2.5,0.797,14.8,113,0,75.0
2012,3.0,0.01,3,96.0,6.27,95.0,4.4,729.231453,7.0,0.687,12.5,19,1,63.4
2010,166.0,6.02,8,85.0,4.6,88.0,0.9,5451.6696,3.3,0.697,12.9,41,1,72.7
2001,126.0,13.15,0,94.0,7.16,94.0,0.1,5245.421419,2.0,0.749,12.3,36,0,74.9
2002,124.0,13.39,0,95.0,6.19,95.0,0.1,653.71637,2.0,0.759,12.6,36,0,74.8
2003,231.0,0.4,93,86.0,1.97,78.0,0.5,219.782326,13.6,0.445,7.7,97,1,63.2
2005,135.0,9.6,1,98.0,8.7,98.0,0.1,3528.1318,2.6,0.73,13.2,123,1,73.0
2012,123.0,5.29,38,99.0,6.21,99.0,0.1,982.532572,1.5,0.748,12.7,92,1,76.3
2006,145.0,8.93,0,99.0,4.34,99.0,0.1,12724.39377,3.4,0.773,14.7,4,1,74.8
2008,157.0,6.14,4,85.0,7.6,89.0,0.1,359.992184,2.1,0.654,11.9,110,1,72.7
2000,98.0,13.14,0,99.0,7.48,99.0,0.1,48735.99549,1.0,0.848,13.5,83,0,77.8
2006,39.0,1.02,2,72.0,7.5,72.0,3.7,965.6693779,5.7,0.405,4.3,40,1,59.1
2002,192.0,5.12,1,96.0,5.0,96.0,2.0,749.626612,7.0,0.721,11.9,142,1,69.2
2007,633.0,2.69,6,87.0,8.47,88.0,30.0,918.432717,8.3,0.44,10.6,79,1,46.2
2009,491.0,1.16,56,93.0,1.18,93.0,14.9,42.7379657,6.8,0.415,9.9,85,1,51.5
2014,17.0,0.01,0,99.0,3.37,99.0,0.1,1557.77892,6.0,0.766,13.2,124,1,73.0
2014,314.0,0.01,41,78.0,4.99,86.0,4.3,1738.8822,6.2,0.57,12.5,152,1,61.1
2014,65.0,8.1,2,91.0,1.45,91.0,0.1,544.43376,0.5,0.912,15.9,28,1,82.0
2009,259.0,1.16,39,8.0,4.46,79.0,1.6,793.45243,7.8,0.448,9.3,16,1,58.4
2004,157.0,10.96,1,94.0,7.9,95.0,0.1,3381.57837,2.3,0.738,13.3,22,0,72.2
2002,74.0,2.16,0,94.0,2.84,94.0,0.1,2216.83279,2.0,0.818,12.6,126,0,79.0
2009,166.0,2.83,0,99.0,4.97,99.0,0.1,7318.12641,7.3,0.734,13.8,91,1,72.8
2009,76.0,11.42,0,96.0,8.11,99.0,0.1,13198.6693,0.9,0.888,13.5,83,0,83.0
2002,17.0,12.0,1,96.0,9.15,98.0,0.1,12882.28897,0.6,0.788,15.9,114,0,77.2
2003,25.0,0.44,4,55.0,2.48,55.0,0.1,471.4565823,12.1,0.485,9.8,139,1,61.0
2009,6.0,10.15,0,96.0,11.0,95.0,0.1,69672.471,0.4,0.916,15.3,135,0,82.1
2014,51.0,9.61,0,96.0,11.66,96.0,0.1,85814.58857,0.3,0.936,15.9,135,0,83.2
2010,236.0,6.83,8,98.0,4.42,99.0,0.1,97.649972,2.5,0.763,14.5,73,1,67.8
2005,126.0,4.93,49,98.0,6.4,98.0,0.1,7986.798439,1.7,0.719,12.2,92,1,75.3
2010,365.0,7.8,121,81.0,3.39,77.0,2.5,3529.53482,9.0,0.488,9.0,3,1,49.6
2002,43.0,0.36,76,31.0,8.33,25.0,5.0,22.854821,11.0,0.303,5.1,30,1,48.1
2010,26.0,7.92,23,93.0,7.91,97.0,2.3,563.491487,6.3,0.454,10.0,118,1,62.8
2005,194.0,0.37,12,79.0,5.89,84.0,0.3,337.359236,3.9,0.572,10.6,137,1,65.5
2006,249.0,0.03,38,63.0,3.0,59.0,0.1,2351.812429,5.1,0.631,10.2,66,1,64.7
2008,273.0,9.46,6,91.0,6.63,9.0,0.4,3891.37823,2.6,0.73,14.9,147,1,67.7
2013,146.0,7.24,52,96.0,8.48,97.0,0.1,12216.9446,2.7,0.734,14.2,20,1,74.7
2014,19.0,0.01,0,99.0,4.49,99.0,0.1,546.3728,3.7,0.727,15.2,48,1,69.7
2005,66.0,6.5,0,98.0,9.6,98.0,0.1,4385.35315,1.3,0.89,16.0,134,0,85.0
2013,281.0,0.01,13,8.0,4.78,79.0,0.8,229.95364,1.3,0.506,10.0,109,1,62.4
2006,345.0,1.37,22,85.0,5.56,84.0,5.0,377.33629,8.0,0.436,10.2,140,1,55.7
2007,146.0,2.29,5,98.0,3.76,98.0,0.1,1644.816372,15.5,0.725,13.2,131,1,73.7
2009,196.0,5.13,0,85.0,6.14,87.0,0.6,7443.85178,3.4,0.696,12.1,132,1,70.0
2014,149.0,2.87,4,97.0,8.72,97.0,0.3,2242.711912,2.1,0.618,11.4,62,1,74.5
2006,134.0,0.42,4,95.0,3.65,95.0,0.1,6222.982955,8.6,0.732,12.7,86,1,73.6
2010,98.0,4.13,1,99.0,1.19,96.0,0.1,5676.14143,3.2,0.784,17.6,37,1,78.0
2012,82.0,9.24,0,99.0,9.3,99.0,0.1,47415.55987,0.8,0.884,17.0,49,1,84.0
2002,73.0,4.43,40,73.0,6.53,71.0,39.8,57.34834,1.3,0.427,10.0,153,1,44.8
2014,138.0,12.03,1,88.0,8.44,88.0,0.1,7853.335191,1.9,0.787,14.8,22,0,74.3
2002,256.0,4.89,7,99.0,6.25,99.0,0.9,879.475486,3.0,0.683,13.9,147,1,67.6
2013,97.0,12.39,0,96.0,7.83,96.0,0.1,13574.749,1.5,0.817,14.9,36,0,77.7
2011,186.0,0.99,0,99.0,5.8,99.0,0.1,1642.837974,1.2,0.497,9.4,128,1,68.5
2004,247.0,0.35,42,87.0,5.68,87.0,0.7,733.581811,11.5,0.408,6.2,122,1,59.7
2010,115.0,6.56,0,93.0,6.9,94.0,0.1,6682.281158,2.0,0.787,15.0,94,1,75.3
2003,151.0,3.69,10,97.0,6.46,87.0,0.3,244.46898,1.4,0.679,12.6,42,1,74.4
2007,144.0,8.64,0,98.0,4.27,99.0,0.1,14252.29452,3.3,0.781,14.5,4,1,75.0
2004,95.0,1.77,1,94.0,2.46,94.0,0.1,36161.1761,4.9,0.813,12.4,148,1,75.1
2012,223.0,0.01,1,97.0,3.7,97.0,0.6,2422.816,16.7,0.581,12.3,17,1,68.7
2013,46.0,1.16,87,78.0,5.9,78.0,5.1,65.985681,3.5,0.405,9.1,96,1,55.3
2000,543.0,3.1,7,82.0,6.92,83.0,29.8,474.8197876,11.6,0.445,9.6,79,1,49.3
2000,292.0,6.0,10,96.0,4.16,97.0,0.1,1229.958,2.7,0.676,12.1,73,1,63.9
2001,8.0,7.6,2,88.0,9.1,89.0,0.1,23691.59472,0.4,0.867,15.8,28,1,79.4
2009,277.0,3.75,13,84.0,14.39,81.0,2.1,33.667491,7.4,0.4,9.7,80,1,59.2
2000,188.0,0.06,237,72.0,1.98,75.0,0.1,78.92744,11.2,0.597,10.7,65,1,66.3
2009,62.0,1.73,0,97.0,4.27,97.0,0.1,38577.55822,2.1,0.887,14.4,126,0,81.7
2006,188.0,6.35,0,89.0,4.49,92.0,0.6,1495.96337,6.6,0.751,12.3,142,1,69.6
2000,121.0,5.58,2,99.0,7.76,98.0,0.2,46.29935,2.3,0.716,12.1,108,1,75.7
2004,253.0,1.38,24,86.0,6.43,85.0,1.7,48.615184,11.7,0.458,9.7,26,1,61.5
2002,81.0,5.89,0,93.0,9.62,93.0,0.1,4361.1538,0.7,0.916,17.1,105,0,78.9
2009,566.0,2.75,6,89.0,9.8,91.0,18.2,923.136931,7.4,0.453,10.8,79,1,49.4
2003,253.0,11.17,1,53.0,6.59,5.0,0.1,1819.525644,2.6,0.695,13.9,13,1,67.7
2001,126.0,4.86,62,97.0,5.35,97.0,0.1,731.378864,1.9,0.7,11.6,92,1,75.0
2011,67.0,6.53,0,94.0,9.14,94.0,0.1,1574.9861,0.7,0.939,17.6,105,0,81.1
2007,282.0,0.55,96,76.0,6.97,74.0,1.7,595.6368319,9.3,0.363,6.4,88,1,55.0
2007,129.0,8.16,12,92.0,6.49,91.0,0.1,7193.61764,0.9,0.788,16.3,5,1,74.8
2009,75.0,1.59,0,98.0,9.22,98.0,0.1,597.1659,14.2,0.651,11.8,87,1,76.3
2009,219.0,4.42,76,86.0,4.41,87.0,0.1,1825.341521,9.7,0.661,11.7,112,1,68.0
2006,177.0,13.16,1,99.0,8.1,99.0,0.1,11398.76584,2.0,0.802,15.2,63,0,73.4
2012,237.0,0.01,2,85.0,7.11,86.0,0.8,788.632653,6.7,0.484,10.8,34,1,62.5
2003,151.0,7.16,0,99.0,4.53,99.0,0.1,9739.82556,3.5,0.0,0.0,4,1,74.2
2009,157.0,7.33,64,99.0,8.65,99.0,0.1,8553.3847,2.9,0.714,13.8,20,1,73.6
2012,61.0,10.03,1,92.0,9.36,92.0,0.1,67677.63477,0.6,0.93,20.1,7,0,82.3
2006,2.0,0.99,0,99.0,6.66,99.0,0.1,948.6592511,1.3,0.47,8.4,128,1,67.6
2006,211.0,2.06,0,98.0,3.84,98.0,0.1,3749.939813,3.8,0.695,14.0,48,1,68.5
2009,96.0,4.07,1,8.0,9.69,86.0,0.1,689.396224,1.8,0.747,13.1,35,1,79.2
2001,187.0,6.72,0,96.0,4.45,96.0,0.1,7663.1378,6.6,0.714,12.2,124,1,72.0
2010,221.0,7.52,1,95.0,6.6,95.0,0.4,326.281212,5.3,0.618,10.2,60,1,65.9
2010,89.0,7.93,2,92.0,6.97,92.0,0.1,1286.17764,0.9,0.815,15.2,31,1,79.1
2013,355.0,8.1,105,67.0,4.26,77.0,2.3,484.616884,8.5,0.523,11.4,3,1,51.1
2010,142.0,1.24,0,84.0,4.59,82.0,0.1,3547.59975,0.1,0.707,14.4,141,1,72.8
2013,451.0,0.01,23,23.0,3.82,23.0,5.1,337.4849614,8.5,0.37,7.1,29,1,49.9
2004,13.0,2.1,1,74.0,8.91,75.0,0.1,5424.22356,4.6,0.0,14.2,78,1,73.7
2000,339.0,1.1,22,63.0,4.35,64.0,5.1,26.3932935,9.3,0.425,9.3,140,1,54.6
2001,121.0,2.76,2,83.0,7.82,87.0,0.1,733.974142,3.1,0.673,11.7,52,1,73.0
2003,225.0,6.54,0,94.0,11.12,94.0,1.6,649.342153,7.4,0.504,9.7,120,1,63.4
2012,189.0,6.66,0,98.0,5.45,98.0,0.1,4673.63848,3.4,0.702,12.5,15,1,69.4
2001,21.0,4.9,0,96.0,4.5,96.0,0.4,3419.275719,3.7,0.677,11.8,15,1,68.2
2002,327.0,0.61,14,54.0,7.69,61.0,1.4,511.665773,1.5,0.428,6.9,109,1,59.3
2009,118.0,6.67,1,95.0,8.78,95.0,0.1,9415.17386,1.5,0.774,15.5,149,1,76.6
2003,15.0,4.25,19,92.0,5.92,92.0,0.1,2246.257472,2.2,0.659,11.6,33,1,72.4
2012,138.0,9.58,2,92.0,5.48,91.0,0.1,8558.39766,3.0,0.797,15.3,116,0,74.4
2003,174.0,4.08,0,99.0,4.15,99.0,0.1,4623.347642,7.8,0.687,12.6,91,1,71.5
2014,88.0,0.09,9,98.0,4.68,98.0,0.1,24575.434,7.5,0.841,15.8,121,1,74.4
2005,78.0,9.31,0,89.0,8.25,89.0,0.1,2775.89515,0.3,0.886,18.9,101,0,79.9
2004,114.0,13.11,0,96.0,6.56,96.0,0.1,9365.742468,1.9,0.771,13.3,36,0,75.4
2012,146.0,8.07,0,98.0,6.36,97.0,0.1,7583.1872,3.8,0.744,15.8,56,1,73.1
2010,323.0,1.21,21,83.0,5.37,83.0,3.8,487.9238913,7.2,0.449,11.0,140,1,57.4
2004,82.0,13.32,0,89.0,7.34,89.0,0.1,47631.6377,0.2,0.88,17.1,67,0,78.3
2004,238.0,2.86,8,98.0,4.3,97.0,0.1,1453.917166,3.4,0.0,10.3,145,1,63.5
2002,17.0,1.98,1,77.0,1.5,77.0,0.1,5436.595223,4.7,0.0,15.2,78,1,73.2
2002,283.0,1.23,40,76.0,4.27,75.0,2.1,418.6985763,9.2,0.407,7.3,16,1,55.6
2009,78.0,9.08,0,99.0,9.76,99.0,0.1,2971.973,0.7,0.857,16.2,55,1,80.0
2005,77.0,11.92,2,96.0,8.12,96.0,0.1,2651.71745,0.5,0.837,15.8,130,0,81.0
2003,199.0,11.64,0,95.0,4.92,94.0,0.1,7174.237415,2.3,0.798,15.6,46,1,71.9
2009,288.0,0.82,14,79.0,4.36,73.0,1.1,1166.66337,1.3,0.477,9.2,109,1,61.6
2013,84.0,4.76,1,99.0,5.66,99.0,0.1,4414.72314,1.4,0.759,14.2,1,1,77.2
2000,536.0,7.19,4,87.0,5.26,84.0,46.4,1637.4567,9.6,0.516,9.4,133,1,48.4
2010,73.0,11.36,0,96.0,7.68,99.0,0.1,14965.361,0.9,0.884,13.7,83,0,86.0
2011,133.0,4.83,12,91.0,4.93,91.0,0.2,5771.565878,1.1,0.721,13.4,111,1,74.5
2011,98.0,3.41,1,82.0,9.73,85.0,0.1,9186.59639,1.7,0.752,13.4,35,1,79.0
2010,134.0,3.95,8,88.0,5.9,91.0,0.1,4657.32361,1.2,0.703,13.1,42,1,75.0
2007,8.0,9.67,0,99.0,9.41,99.0,0.1,28827.32636,0.7,0.855,16.4,55,1,79.4
2009,14.0,7.82,0,98.0,4.86,99.0,0.1,1312.46692,3.3,0.788,14.2,4,1,75.4
2004,183.0,0.01,461,65.0,2.56,65.0,0.1,649.848233,21.8,0.474,5.6,107,1,63.7
2002,189.0,6.43,8,74.0,5.79,82.0,2.4,38.46578,3.6,0.66,12.3,41,1,71.4
2003,215.0,0.5,0,79.0,9.98,7.0,0.1,115.3865,0.2,0.0,11.6,75,1,64.7
2000,156.0,7.27,0,96.0,4.13,95.0,0.1,9875.161736,3.6,0.0,0.0,4,1,73.6
2013,122.0,9.16,1,97.0,1.12,95.0,0.1,6353.826383,2.1,0.766,14.1,123,1,75.3
2003,153.0,1.79,0,91.0,5.9,9.0,0.1,229.714718,0.1,0.683,13.7,141,1,72.0
2008,167.0,16.99,0,95.0,6.6,95.0,0.1,1894.5485,2.1,0.835,16.1,46,1,74.2
2002,74.0,2.47,1,91.0,7.49,9.0,0.1,18431.15696,1.1,0.855,15.3,68,1,79.3
2013,135.0,0.01,130,96.0,2.88,96.0,0.1,951.8894535,18.8,0.565,10.0,11,1,71.0
2004,269.0,0.27,2,73.0,3.96,76.0,0.1,616.4197236,7.5,0.0,9.5,34,1,59.8
2010,87.0,10.32,0,96.0,9.7,96.0,0.1,23437.4722,1.6,0.872,16.9,127,0,79.5
2001,519.0,4.21,48,38.0,11.83,38.0,1.5,227.779471,1.2,0.302,7.0,125,1,41.0
2014,154.0,5.92,7,9.0,4.38,91.0,0.3,6268.692122,3.2,0.712,13.2,41,1,73.6
2009,288.0,7.11,25,93.0,7.2,97.0,2.8,539.1538211,6.4,0.447,10.2,118,1,61.0
2002,452.0,5.09,4,78.0,6.17,77.0,24.6,1713.47594,14.8,0.556,11.8,98,1,55.7
2006,212.0,0.76,0,86.0,1.93,86.0,0.1,1151.555618,0.1,0.576,12.1,75,1,65.0
2010,47.0,0.96,98,73.0,5.38,74.0,10.8,419.2258149,3.6,0.39,9.3,96,1,54.0
2010,82.0,1.69,1,94.0,3.93,94.0,0.1,3549.14832,4.9,0.826,13.3,148,1,76.2
2012,14.0,0.51,1,99.0,2.52,98.0,0.1,22134.916,6.8,0.797,13.7,106,1,76.0
2004,218.0,1.63,0,96.0,3.61,95.0,0.1,3332.918533,3.9,0.691,13.4,48,1,68.1
2003,174.0,8.78,4,97.0,5.3,97.0,0.1,2774.95586,4.0,0.722,12.5,116,0,71.1
2010,186.0,6.76,0,96.0,5.85,96.0,0.2,4344.15177,3.4,0.7,12.4,15,1,69.5
2001,92.0,12.4,0,83.0,1.12,84.0,0.1,24489.73553,1.9,0.837,15.5,8,0,78.6
2006,99.0,5.31,1,97.0,5.86,97.0,0.1,35.1293,1.8,0.696,11.4,1,1,74.2
2003,43.0,0.42,77,36.0,5.49,23.0,5.1,292.5914364,1.8,0.284,5.4,30,1,48.4
2001,171.0,3.89,1,99.0,5.34,99.0,2.2,3394.878,1.8,0.68,10.9,70,1,72.7
2007,96.0,10.45,0,97.0,8.9,99.0,0.1,48288.5491,0.8,0.873,17.2,49,1,79.3
2003,299.0,0.54,106,67.0,6.25,63.0,2.2,391.791281,1.2,0.318,5.2,88,1,52.0
2004,119.0,7.68,0,93.0,5.71,93.0,0.2,12868.8639,4.0,0.757,14.4,12,1,73.8
2002,124.0,1.95,0,98.0,5.78,98.0,0.1,32.37239,14.7,0.597,12.0,87,1,71.8
2003,251.0,0.33,44,73.0,5.4,73.0,0.7,642.7663113,11.7,0.401,5.9,122,1,59.0
2006,85.0,11.98,0,99.0,7.75,99.0,0.1,89739.7117,0.9,0.88,13.5,83,0,79.4
2008,344.0,1.33,22,8.0,5.73,81.0,4.8,513.391914,7.6,0.441,10.1,140,1,56.2
2008,128.0,7.17,1,9.0,8.99,92.0,0.1,3174.9491,2.8,0.735,13.1,52,1,73.9
2008,76.0,12.0,0,83.0,1.6,83.0,0.1,51386.37665,1.9,0.864,15.1,8,0,84.0
2011,371.0,6.19,79,8.0,3.96,82.0,4.9,1295.649726,6.0,0.486,10.0,27,1,55.6
2008,181.0,7.22,0,94.0,5.9,94.0,0.1,447.22796,3.4,0.699,12.8,15,1,69.6
2011,443.0,1.66,24,47.0,3.73,47.0,5.8,494.336779,8.8,0.361,6.8,29,1,49.8
2006,12.0,1.46,4,99.0,5.64,99.0,0.1,3371.71231,6.3,0.689,14.2,143,1,74.4
2011,91.0,5.63,251,99.0,5.3,99.0,0.1,5633.79616,3.5,0.7,12.8,32,1,75.2
2003,424.0,1.68,124,67.0,6.39,85.0,15.3,283.8911588,3.9,0.318,6.7,96,1,51.0
2002,98.0,9.25,0,95.0,7.81,98.0,0.1,26834.2625,0.8,0.863,18.0,49,1,78.1
2014,22.0,6.29,5,95.0,4.36,95.0,0.1,1286.56511,2.5,0.789,15.0,73,1,69.9
2012,12.0,8.61,0,88.0,7.43,87.0,0.1,15384.8749,3.8,0.785,15.3,12,1,75.1
2014,253.0,0.01,54,93.0,3.56,98.0,0.8,1432.227943,6.3,0.576,11.7,54,1,62.1
2009,142.0,3.33,1,9.0,5.16,9.0,0.6,4293.383274,1.7,0.721,12.7,70,1,74.7
2012,29.0,0.01,12,8.0,3.36,8.0,1.2,1364.283745,8.1,0.491,7.8,90,1,62.5
2003,693.0,5.51,4,96.0,4.65,96.0,31.9,4163.6596,1.8,0.567,11.8,19,1,46.4
2010,79.0,0.88,0,99.0,2.73,95.0,0.1,35268.1117,5.4,0.845,14.2,21,1,76.9
2004,287.0,6.55,9,99.0,3.95,82.0,0.1,2874.288291,2.6,0.725,13.5,73,1,64.7
2004,496.0,3.99,47,69.0,11.66,65.0,2.1,263.145817,9.5,0.332,7.6,125,1,42.3
2013,52.0,9.73,0,96.0,11.71,96.0,0.1,84658.88768,0.3,0.934,15.8,135,0,83.0
2009,131.0,9.85,1,97.0,9.9,95.0,0.1,5821.35397,2.3,0.754,13.6,123,1,74.1
2005,46.0,0.42,79,37.0,3.91,25.0,5.2,66.2421396,1.4,0.306,5.6,30,1,48.6
2010,191.0,2.36,2,89.0,6.91,89.0,0.3,3474.392445,1.6,0.662,12.9,43,1,72.0
2003,161.0,0.01,264,9.0,2.51,87.0,0.1,432.7388972,2.9,0.484,7.9,11,1,66.8
2011,51.0,8.13,0,95.0,8.65,95.0,0.1,46.217,0.9,0.894,18.6,64,0,82.1
2006,288.0,8.01,3,44.0,2.88,45.0,10.7,727.777345,6.9,0.646,12.4,51,1,61.4
2005,717.0,4.14,43,69.0,6.44,68.0,30.3,444.76575,9.0,0.406,9.3,153,1,44.6
2000,148.0,0.01,3,94.0,3.41,94.0,0.1,7145.628494,5.5,0.727,15.5,81,1,78.0
2010,7.0,8.4,2,88.0,11.2,89.0,0.1,47447.4762,0.4,0.898,15.9,28,1,81.2
2006,56.0,1.54,26,47.0,3.99,51.0,10.0,347.673678,9.6,0.323,6.0,29,1,46.3
2009,84.0,1.73,1,94.0,4.5,93.0,0.1,3372.57517,4.9,0.831,13.2,148,1,76.0
2013,163.0,0.04,450,72.0,2.7,72.0,0.1,1272.44161,2.0,0.538,7.7,107,1,66.0
2008,6.0,10.29,0,96.0,1.29,95.0,0.1,72119.5687,0.4,0.914,15.3,135,0,82.0
2010,158.0,5.95,12,99.0,3.81,99.0,0.2,575.32176,8.3,0.711,13.1,138,1,73.9
2007,173.0,0.05,3,7.0,0.37,7.0,0.1,524.8959363,11.8,0.541,11.3,139,1,65.8
2006,17.0,12.26,0,97.0,8.42,97.0,0.1,19726.1265,1.9,0.858,16.7,127,0,78.1
2002,11.0,6.06,3,97.0,6.48,97.0,0.1,4463.545867,1.0,0.768,13.9,31,1,77.8
2010,287.0,3.21,7,82.0,6.7,83.0,5.9,543.957418,7.9,0.405,8.9,59,1,56.7
2012,97.0,3.34,1,9.0,9.56,91.0,0.1,9985.36959,1.7,0.758,13.6,35,1,79.2
2004,79.0,11.96,2,97.0,8.5,97.0,0.1,24918.64584,0.5,0.833,15.6,130,0,81.0
2003,78.0,7.7,2,88.0,9.54,91.0,0.1,28172.14883,0.4,0.877,15.8,28,1,79.7
2009,449.0,7.6,70,75.0,8.39,76.0,19.0,5888.6284,9.8,0.622,12.8,129,1,56.5
2005,318.0,1.23,2,71.0,7.21,71.0,3.9,94.7297489,5.8,0.396,4.0,40,1,58.6
2001,41.0,4.43,99,61.0,4.7,63.0,7.9,614.6729339,7.7,0.437,7.1,27,1,51.5
2014,169.0,15.19,0,93.0,6.55,93.0,0.1,16554.97139,2.7,0.841,16.5,82,0,73.4
2011,79.0,10.47,0,91.0,1.87,91.0,0.1,61753.667,0.9,0.91,16.9,39,0,79.7
2007,151.0,0.01,201,96.0,2.8,94.0,0.1,541.651484,2.1,0.513,8.6,11,1,68.6
2006,123.0,0.97,10,83.0,3.78,8.0,0.1,1762.24617,6.3,0.636,11.4,136,1,73.7
2001,75.0,9.53,2,91.0,8.18,92.0,0.1,19517.84168,0.7,0.899,20.5,7,0,79.9
2008,153.0,1.18,0,66.0,3.66,67.0,0.1,2697.961375,1.5,0.582,10.7,151,1,75.0
2001,11.0,2.19,1,8.0,1.9,8.0,0.1,5253.122599,4.7,0.0,15.0,78,1,73.0
2001,72.0,8.03,5,81.0,7.75,95.0,0.1,33846.46564,1.4,0.856,14.6,71,0,81.5
2009,62.0,7.3,0,98.0,9.94,98.0,0.1,4627.592,1.3,0.898,15.8,134,0,81.4
2007,295.0,0.71,14,72.0,4.4,71.0,1.4,956.668952,1.3,0.461,8.6,109,1,61.1
2010,88.0,12.25,0,97.0,1.44,98.0,0.1,22538.6548,0.5,0.812,16.0,114,0,79.6
2011,92.0,4.64,0,89.0,9.71,88.0,0.1,55.156834,2.5,0.711,13.4,18,1,76.9
2005,29.0,0.18,37,69.0,4.13,65.0,0.1,1849.63911,5.2,0.628,10.1,66,1,66.8
2013,148.0,5.03,3,8.0,1.49,86.0,0.2,4479.95858,1.9,0.679,12.3,110,1,73.8
2002,437.0,1.66,118,83.0,4.54,84.0,15.7,395.8493511,8.9,0.451,8.5,74,1,52.1
2006,126.0,6.18,1,89.0,8.39,88.0,0.1,1872.68416,2.9,0.714,12.6,52,1,73.9
2001,185.0,1.53,34,99.0,5.28,99.0,0.2,456.734892,3.3,0.594,10.7,150,1,67.4
2001,189.0,0.01,483,68.0,2.61,65.0,0.1,51.6568157,22.4,0.45,5.4,107,1,63.0
2005,189.0,6.12,0,95.0,5.31,95.0,0.5,12323.1275,6.7,0.745,12.3,142,1,69.5
2013,64.0,0.01,0,99.0,11.16,99.0,0.1,7112.33575,13.8,0.683,12.4,87,1,77.9
2009,36.0,7.99,4,83.0,8.5,83.0,8.7,4153.497885,1.9,0.598,11.4,98,1,62.4
2011,441.0,1.23,50,97.0,11.67,97.0,11.2,512.125451,6.6,0.444,10.6,85,1,54.1
2012,7.0,9.2,0,93.0,11.53,93.0,0.1,3997.25624,0.3,0.904,19.5,101,0,81.1
2004,483.0,4.8,4,81.0,6.47,81.0,24.0,3288.257373,13.7,0.559,11.7,98,1,54.7
2006,299.0,0.64,14,67.0,5.92,72.0,1.5,854.346921,1.4,0.454,8.2,109,1,68.0
2003,85.0,2.16,0,97.0,3.74,97.0,0.1,14221.99259,5.9,0.798,13.7,10,1,75.0
2005,192.0,1.78,28,99.0,5.11,99.0,0.3,546.776852,3.2,0.62,11.7,150,1,67.3
2009,368.0,2.3,47,93.0,4.73,94.0,9.1,1139.11233,6.6,0.518,11.6,152,1,57.4
2007,32.0,2.98,7,76.0,6.1,74.0,5.7,481.694976,8.6,0.394,8.8,59,1,55.0
2013,142.0,2.56,3,99.0,3.68,99.0,0.1,361.289374,15.1,0.757,13.8,131,1,74.6
2013,125.0,5.38,11,71.0,5.23,88.0,0.1,6583.116248,1.1,0.731,13.4,111,1,75.3
2006,328.0,6.88,34,99.0,1.2,99.0,6.2,342.3656294,6.8,0.404,9.3,118,1,57.6
2012,184.0,0.01,0,99.0,5.48,99.0,0.1,1858.689868,1.2,0.505,9.4,128,1,68.7
2012,154.0,0.01,0,98.0,4.76,98.0,0.1,9291.227619,7.0,0.756,14.3,91,1,73.9
2010,33.0,4.16,34,94.0,8.82,96.0,1.9,231.1943256,7.7,0.361,9.3,24,1,56.8
2001,188.0,6.13,9,71.0,5.59,72.0,2.5,2862.154836,3.6,0.656,12.3,41,1,71.2
2014,11.0,0.4,1,99.0,3.55,99.0,0.1,2458.45226,6.9,0.796,13.7,106,1,76.4
2011,188.0,6.64,0,95.0,5.61,95.0,0.5,4516.24675,3.4,0.7,12.4,15,1,69.4
2005,128.0,4.7,1,82.0,8.6,82.0,0.1,153.57521,2.9,0.703,12.2,52,1,73.9
2001,16.0,6.1,3,96.0,6.51,97.0,0.1,4595.666327,1.0,0.761,13.7,31,1,77.3
2002,174.0,3.3,0,85.0,5.1,86.0,0.1,1631.41727,0.2,0.653,12.1,119,1,76.0
2004,148.0,4.26,19,89.0,5.37,89.0,0.1,274.249442,2.2,0.658,11.3,33,1,72.8
2010,362.0,10.03,119,79.0,11.2,8.0,8.0,594.9972557,6.0,0.473,10.9,146,1,58.4
2007,1.0,0.85,0,95.0,2.32,99.0,0.1,32672.36717,5.7,0.84,14.3,21,1,76.0
2007,395.0,5.44,89,81.0,4.76,82.0,7.0,111.71186,6.6,0.456,8.0,27,1,53.6
2010,6.0,6.95,2,96.0,9.42,96.0,0.1,35849.37364,0.5,0.869,16.4,69,0,81.8
2012,165.0,0.04,456,72.0,2.76,72.0,0.1,1261.28967,2.2,0.529,7.6,107,1,65.7
2008,322.0,0.49,9,94.0,3.69,94.0,1.1,326.825642,9.1,0.406,5.2,45,1,67.0
2004,652.0,4.9,4,96.0,5.56,96.0,28.4,4896.583835,1.4,0.58,11.8,19,1,48.1
2014,56.0,1.83,0,96.0,4.92,96.0,0.1,56336.7234,2.2,0.922,15.4,126,0,82.9
2002,199.0,4.99,0,93.0,4.38,89.0,0.1,3556.561825,3.6,0.678,11.9,15,1,68.5
2007,132.0,3.99,1,9.0,4.31,88.0,0.1,3138.8873,2.1,0.707,11.7,6,1,73.5
2006,125.0,5.11,47,98.0,5.83,98.0,0.1,8767.92258,1.7,0.723,12.2,92,1,75.8
2005,12.0,4.56,0,95.0,8.5,93.0,0.1,2968.41186,2.9,0.0,12.5,18,1,75.0
2007,293.0,4.58,83,93.0,6.63,89.0,1.7,475.11122,9.3,0.334,4.9,23,1,55.3
2001,83.0,8.75,0,82.0,7.58,9.0,0.1,13882.85683,0.3,0.868,17.4,101,0,78.5
2006,68.0,7.49,4,95.0,8.19,98.0,0.1,35433.98896,1.5,0.873,14.9,71,0,82.4
2010,298.0,0.61,9,9.0,3.24,9.0,0.9,482.14994,8.8,0.404,5.1,45,1,62.1
2004,99.0,13.45,1,95.0,9.84,95.0,0.1,1845.5881,0.6,0.792,15.9,114,0,78.0
2001,75.0,9.69,3,96.0,8.11,93.0,0.1,24.819,0.5,0.828,14.9,69,0,79.8
2006,75.0,8.2,2,95.0,9.75,95.0,0.1,4386.69948,0.4,0.891,15.8,28,1,85.0
2013,518.0,0.01,6,9.0,11.7,93.0,9.6,1196.1335,5.9,0.484,11.1,79,1,52.1
2012,7.0,12.26,0,92.0,11.17,92.0,0.1,48333.57273,2.0,0.884,15.7,8,0,88.0
2006,199.0,4.52,0,84.0,6.22,84.0,0.6,527.92,3.4,0.678,11.5,132,1,69.3
2011,14.0,8.51,0,91.0,6.67,91.0,0.1,15534.1574,3.8,0.78,15.5,12,1,74.9
2008,178.0,0.32,12,87.0,5.58,86.0,0.3,76.914128,3.8,0.592,10.8,137,1,66.4
2014,278.0,0.01,13,64.0,4.26,73.0,0.7,2182.716565,1.3,0.511,10.0,109,1,62.7
2007,425.0,1.03,108,75.0,5.25,75.0,14.1,422.1461573,3.7,0.36,8.2,96,1,52.1
2001,11.0,2.84,558,86.0,4.56,86.0,0.1,153.1824,5.0,0.592,9.6,32,1,72.2
2006,564.0,5.53,4,88.0,6.81,87.0,43.7,2937.36723,7.1,0.502,9.9,133,1,47.8
2011,136.0,7.84,0,99.0,5.65,99.0,0.1,11929.34991,3.3,0.782,14.1,4,1,75.7
2010,218.0,4.85,74,78.0,4.37,79.0,0.1,2129.499242,9.7,0.662,11.4,112,1,67.9
2008,288.0,4.5,80,92.0,6.77,93.0,1.5,569.7612784,9.1,0.345,5.4,23,1,56.1
2012,14.0,11.49,0,96.0,7.8,96.0,0.1,13235.97757,1.5,0.815,14.6,36,0,77.1
2001,239.0,0.38,98,77.0,1.8,73.0,0.4,138.9249275,13.7,0.427,7.6,97,1,62.5
2010,116.0,1.49,25,97.0,5.61,97.0,0.1,1672.5693,4.7,0.715,13.0,144,1,74.2
2011,198.0,5.69,0,96.0,5.44,96.0,0.5,134.326189,5.9,0.546,10.6,120,1,66.6
2013,22.0,0.01,0,91.0,1.15,95.0,0.1,1724.361737,0.1,0.589,11.9,75,1,65.8
2012,358.0,8.24,110,75.0,3.3,75.0,2.6,4598.249988,8.6,0.508,10.3,3,1,56.0
2010,131.0,0.49,4,96.0,3.99,96.0,0.1,971.356987,8.0,0.764,12.8,86,1,74.1
2007,388.0,9.55,863,54.0,4.47,42.0,5.2,1136.829645,12.3,0.477,9.1,104,1,55.0
2013,47.0,0.01,33,92.0,11.59,92.0,0.8,71.8186998,7.6,0.413,9.3,125,1,54.0
2007,63.0,6.9,0,98.0,8.92,98.0,0.1,53324.37937,1.3,0.895,15.8,134,0,89.0
2007,86.0,10.25,1,99.0,9.25,98.0,0.1,4443.83131,0.8,0.871,15.8,14,0,79.5
2000,94.0,14.07,0,86.0,6.3,86.0,0.1,26241.91883,0.3,0.848,16.2,67,0,76.4
2006,15.0,3.63,1,99.0,4.22,95.0,1.5,4313.1682,1.7,0.709,12.5,70,1,74.0
2007,344.0,1.37,22,72.0,5.55,82.0,5.1,42.764743,7.8,0.443,10.6,140,1,55.9
2008,1.0,5.61,1,99.0,5.87,99.0,0.1,437.539647,1.6,0.713,12.0,1,1,75.3
2002,81.0,8.09,1,92.0,8.72,92.0,0.1,1411.31339,0.8,0.811,14.6,55,1,79.0
2014,76.0,12.6,1,99.0,1.59,99.0,0.1,47439.39684,1.0,0.89,16.3,14,0,89.0
2011,271.0,0.61,90,72.0,6.59,66.0,1.5,835.88998,8.3,0.404,7.5,88,1,56.8
2009,215.0,0.01,12,63.0,3.79,64.0,1.2,146.83851,8.7,0.476,7.1,90,1,61.7
2011,155.0,6.07,11,99.0,4.12,99.0,0.2,5491.159981,8.2,0.72,13.3,138,1,74.1
2011,193.0,2.16,14,88.0,6.28,88.0,0.4,3187.845296,1.2,0.609,10.5,57,1,71.1
2006,337.0,7.28,4,52.0,2.13,4.0,5.3,12732.2759,9.6,0.569,9.0,44,1,54.8
2009,231.0,8.71,6,74.0,7.8,71.0,0.3,2545.48341,2.6,0.734,14.9,147,1,69.2
2012,99.0,0.55,22,99.0,6.15,99.0,0.1,294.746728,6.2,0.623,11.6,95,1,73.6
2006,153.0,3.52,0,37.0,4.68,39.0,0.1,287.963899,0.2,0.677,12.7,119,1,72.0
2002,622.0,2.95,7,84.0,6.91,84.0,32.5,47.89395,1.6,0.446,10.4,79,1,46.4
2010,66.0,6.59,0,93.0,9.26,93.0,0.1,87646.75346,0.7,0.936,17.4,105,0,81.0
2009,336.0,1.24,22,78.0,6.64,78.0,4.3,499.6468713,7.4,0.442,10.6,140,1,56.7
2006,121.0,0.59,4,98.0,8.8,98.0,0.1,2537.349,3.8,0.733,13.7,72,1,72.8
2010,163.0,2.95,0,99.0,5.29,99.0,0.2,8.376432,7.2,0.74,14.0,91,1,73.3
2001,344.0,4.56,93,62.0,4.85,62.0,3.6,235.4912324,1.8,0.0,3.5,23,1,56.0
2006,161.0,3.23,6,94.0,7.63,95.0,0.8,1437.628785,2.4,0.583,10.8,62,1,72.8
2010,279.0,4.55,74,9.0,7.17,91.0,1.0,575.4464527,8.6,0.365,6.3,23,1,57.5
2008,278.0,0.57,94,74.0,6.74,74.0,1.6,689.6784228,9.0,0.36,5.8,88,1,55.5
2001,429.0,7.38,76,71.0,8.31,71.0,24.0,2681.781,18.1,0.629,13.0,129,1,56.0
2001,254.0,10.74,1,99.0,6.62,99.0,0.1,1244.373185,2.7,0.681,13.3,13,1,67.7
2010,273.0,0.6,91,77.0,6.35,73.0,1.5,78.377632,8.5,0.396,7.3,88,1,56.5
2011,197.0,2.37,2,9.0,6.81,89.0,0.3,3736.58713,1.6,0.666,13.0,43,1,72.0
2002,699.0,6.41,4,97.0,6.47,97.0,34.6,355.618382,11.3,0.558,11.9,19,1,46.0
2010,154.0,7.52,61,99.0,8.27,99.0,0.1,11224.1548,2.9,0.716,13.8,20,1,73.8
2007,128.0,0.56,25,95.0,5.48,95.0,0.1,2494.353552,6.3,0.581,10.0,95,1,71.4
2000,138.0,0.38,1,99.0,3.7,99.0,0.1,861.18596,6.9,0.0,10.4,106,1,72.6
2014,255.0,0.01,79,93.0,5.72,92.0,2.9,1335.6458,7.7,0.546,11.1,74,1,62.9
2003,71.0,9.97,1,92.0,8.32,93.0,0.1,23465.38559,0.7,0.905,20.6,7,0,83.0
2006,85.0,10.98,1,99.0,9.17,98.0,0.1,38852.3613,0.8,0.865,15.7,14,0,79.4
2013,96.0,3.42,1,95.0,9.47,95.0,0.1,1569.66631,1.7,0.762,13.7,35,1,79.4
2007,133.0,0.43,4,97.0,3.61,97.0,0.1,7269.17114,8.5,0.736,12.3,86,1,73.7
2012,181.0,2.48,2,93.0,6.7,92.0,0.3,3827.786267,1.6,0.67,13.2,43,1,73.0
2004,197.0,6.2,0,97.0,4.39,97.0,0.8,3831.53819,3.5,0.691,12.5,15,1,68.7
2003,166.0,3.48,1,99.0,4.56,96.0,2.3,3465.221998,1.8,0.694,11.9,70,1,73.1
2002,334.0,6.01,4,44.0,2.5,36.0,2.9,2711.17114,1.3,0.542,8.2,44,1,53.5
2012,157.0,3.63,3,99.0,8.4,98.0,0.1,1792.3845,1.7,0.625,11.5,102,1,73.9
2006,66.0,1.55,0,95.0,3.66,95.0,0.1,33579.85948,2.0,0.839,13.9,126,0,87.0
2013,128.0,0.53,4,97.0,4.2,97.0,0.1,1882.27842,7.6,0.779,12.9,86,1,74.6
2007,45.0,3.86,45,63.0,1.12,64.0,2.2,358.8274716,8.9,0.357,8.2,125,1,45.3
2012,159.0,0.01,2,83.0,1.1,83.0,0.1,1117.77724,11.3,0.618,12.5,139,1,67.4
